Id,Price
725,216668.36260280275
15856,221790.4996579743
5480,202867.11533075327
15664,250290.5722936003
14275,256940.0612074004
7633,350431.4385495309
13329,194552.20595818688
5502,176884.08060545562
4220,122593.35113228904
11538,130580.20322279155
15975,185513.14405031299
3310,152490.12463419384
9286,211747.7239321865
11260,137048.6927593255
5214,241794.77936445037
11307,261350.82790988148
13543,358099.92285754473
615,127950.2960990161
3495,261431.08613903553
2321,207056.3181295421
12046,271776.84053557145
16688,178424.71838350687
12694,167332.2973522232
783,282997.0065745801
8968,254799.22170548246
13454,109990.35082660126
12190,293879.9862123105
11160,204634.80259981757
10291,126381.33156617754
891,223087.42613042303
2982,295946.38874406775
3818,174928.89053819998
2449,251767.37617277913
8317,170259.96636259963
4922,300069.6635374859
1257,195463.11426320672
9348,159090.92449946405
4176,217963.54566015024
10704,135615.181273604
6624,166539.009152707
5428,209352.82558069722
12749,256467.56896132661
8994,359269.95495752036
11513,287935.5698909083
3047,242539.62483117334
9519,303712.163568696
12309,173015.43422117946
14081,266763.2932822568
8334,176743.57181206584
6343,258875.84931999817
14788,362722.04821389576
15748,174167.2205718009
153,169568.69768914476
14149,344905.7446869889
269,268786.7235945924
5452,171597.96248623385
721,283494.8768895214
5079,194898.43175776745
2831,240144.22286867222
10614,281432.87047716696
10131,259811.48969565064
9996,245131.49762441672
3061,202961.71679018415
11733,118320.85642130696
3726,204235.88020228042
10929,220421.86888107972
9011,170102.62986404955
16182,144832.60255858343
4976,193823.27928197844
9897,142217.10222277686
1872,145306.8034633887
9205,200733.98501045472
5403,163206.53528205276
14074,354678.23662143736
6268,264239.6405901804
14232,221342.7760437333
8532,198105.8469029771
7034,177739.86433976778
6553,217801.7139691047
3133,212140.13182734803
8596,261489.42061518575
12389,220950.48193909804
14462,378754.33239668864
8860,200915.91486123443
8377,248426.85021245608
6367,206276.66736458067
6917,253859.36798204377
4216,236100.72145910934
5806,191893.5857828448
5438,196377.2879132228
6632,198759.419178329
2650,160225.22868136008
5396,203121.4323014731
4044,145986.70673515467
1345,178662.15853558417
856,256221.05877603428
12791,219341.95376943535
12499,131259.915151946
12249,202658.2171946318
14641,129626.03899375274
1919,185112.99799335282
7848,339644.9461564297
10749,238412.35379581875
15554,198490.4103292385
15834,405346.544292427
1355,241566.3399392817
15451,108851.93279232929
12401,247534.6658651065
10290,137939.92378639762
9462,200867.5615014708
3103,305899.10881285125
3420,223358.64754189586
12262,331569.8799926258
5032,324641.99004409753
8949,317793.23011550086
15567,309535.71274356474
16389,131491.89494993957
7809,253958.4653803769
8990,162575.807034739
16089,108241.63340163574
12743,143046.90124744351
5132,210349.37220464717
1619,265568.16516839643
2428,102429.88574493845
16741,316255.26688644383
13193,196079.8651418701
12588,198764.93766928033
5067,145581.3202892107
14685,193642.5365799198
2292,314705.9071674179
5746,182587.9632607645
12578,292524.4088907179
14834,161659.0809588862
2147,266255.78686755546
8222,325009.79020119016
10419,175639.3348012176
11492,267608.86056221067
3006,176845.73384007346
8761,169020.0828890078
15371,258956.7828939543
16367,347301.37940553937
6317,159101.8568550499
10878,267252.2915646464
3895,173380.3187537187
8041,212499.63856290036
13428,205256.48087875004
14669,126459.67790808808
1006,378372.9878406632
12271,290281.0472195648
3764,345346.55585832207
7675,183128.328434275
11709,165101.80332962563
8629,172925.8055624648
1105,385488.226381838
6096,127724.16665087035
11727,379726.59345104476
5157,300569.3267722761
3679,171793.53537846234
1755,123061.5250381793
7391,209584.73450816143
7425,196750.55390008626
6882,199846.58485223778
10752,296785.7512756394
7472,337176.2351948633
14320,145307.95876448677
9596,138515.01711136743
5317,240240.70919877978
7378,357522.0118926781
16154,291282.6481150979
3464,275586.3947179483
4197,240138.03813098685
9477,225617.51776541153
12705,216196.74474692618
16426,227285.97644533962
1481,256177.7356985662
9946,139859.7517403076
12025,152873.23176801042
5341,272914.6950438997
9923,122919.94313747715
7953,295862.50654421246
11066,160434.63072864665
5037,306919.9904986548
2509,187924.12719414907
4937,286719.313764106
12089,261610.11246911844
4964,266702.8561170895
16500,204261.99513167067
4625,214304.9816678033
2363,238764.57342165778
8148,249413.11088436493
3804,176097.3100126809
4584,227971.94535126467
10694,307025.16036143
2691,185038.01411942556
2983,159933.64636275254
13563,301732.5463078341
10747,162123.23689075187
1721,307139.383607422
2789,280864.0481699775
7214,300206.292949109
8659,158695.8096809658
5107,264688.1676499569
3843,221115.9899548685
14610,261607.21076792642
15505,146698.54960872885
5060,161410.8611892925
16055,243762.25022232602
14963,324979.6326791118
4118,211989.77575897897
1672,200405.9412701847
3209,188031.6790405821
16515,132847.86489097145
973,290778.46481474885
12529,307735.38091077656
5896,232172.53851067123
5450,164314.72601517563
3249,289429.56691621116
8911,342455.2375633472
5898,316072.1851772914
1024,150739.4019966008
4766,215416.7742591101
15804,160972.26406206435
14303,263565.70188138215
10707,157391.14191421488
6605,373328.86914833717
1138,244335.42514650698
14088,149013.45977572614
9154,219209.13841802237
8190,302373.73943816766
398,213536.92884610977
13302,348224.15067401284
9696,306818.050500687
16786,251506.81595383084
16230,172023.79225888196
6552,176356.93714742345
923,132382.52836111572
9602,315658.4665685663
5857,273201.2639030579
8120,254407.6367301218
7134,263643.0898413374
11726,250138.87807376694
8069,232638.077837697
12420,156158.18788346252
8604,244123.70412135602
4854,127241.05025916442
12212,198581.7503349469
12099,120918.57812996657
3882,168990.32067798614
6995,274860.01210620056
10172,254907.96974031092
11672,184198.24106064072
12897,265887.5476705256
16097,190820.29838078038
6779,216163.11201877455
11199,315998.96461156337
10816,233906.70572645764
143,231804.65705933108
5399,348959.7343666863
3286,233632.59961809567
13706,141061.1242016228
1935,213263.1960247542
16000,169849.95537205657
2860,126013.25553548808
11407,192467.41609522066
16378,249615.34322235908
12278,150475.06490688975
3842,149916.7860509617
2692,226115.06023119407
7699,165355.24130053946
6825,188823.45012426074
7268,293451.4683252077
1477,171185.24495474226
9887,208613.82459308417
9436,124205.60068989522
3179,119928.01315055013
1350,110600.78065848188
10643,271840.9670018804
5793,155758.3733671471
11494,252159.656374541
4206,237049.19790629426
12419,206929.21081288508
8530,281747.96435053926
5985,163540.68942110176
8908,156341.91892690992
256,235064.87036001985
7234,263329.5711012101
5648,268232.4146741575
3014,298563.65976043476
2184,272605.4709078731
9189,208893.73886653705
14884,246444.31794504216
10333,217141.23283466056
15896,230900.68727830797
13269,174457.76162098086
8603,201003.84501851525
15087,204698.29864829185
4344,194607.62509668694
7981,164065.10798271187
10908,217645.30108961335
6190,222953.24442449212
11742,141254.220983639
9224,325444.21097527817
14667,193964.2998509729
458,387823.86026744475
2464,165401.34317865357
12320,230664.18641007715
278,300226.62417175807
2912,189700.64437979233
6698,188821.415046104
4510,132077.57364982652
4183,238706.47431171616
5551,230884.94243067724
12187,200517.2466388102
7948,249096.54132885358
10808,194371.6353953572
12432,249892.00822141266
5356,213694.76972347364
8984,169048.58948464965
9203,237604.38567273307
15412,225348.7675164654
12041,257312.81212397758
7644,117049.16020151257
7071,291551.3761570185
10685,193237.5258178785
6763,287070.8560533994
940,225175.9152732782
14959,195868.7613165768
1338,244494.00601278618
5351,254499.40237096255
6524,348394.78386192245
12516,173963.82791842305
3288,244260.22474553157
3146,224169.67856910435
3954,248151.7008041431
11955,133414.0088055504
1211,170570.5602145109
15668,346622.9162548095
1320,171592.9044892628
9108,142169.52475046192
16482,131631.7465391133
5017,216000.50539933325
8290,223815.0187418752
4304,135899.11642566358
1930,170314.59385043872
12530,170676.63717697328
11295,198858.94209578843
3002,228765.61199610087
15483,116397.32055621466
11525,117292.46136385197
13978,111720.3592568505
4885,374755.5365610954
8325,200631.48724816105
3630,236612.29518856574
9165,213362.95057122194
13945,271453.3441472582
10663,179733.63867226295
14803,166695.63418994105
7621,121867.15759260271
8205,156860.9656700525
10387,200220.2534484014
5457,170892.91593187704
10234,151696.11157414486
6251,256929.86707593815
701,286659.1360277871
7930,153131.8264354946
15028,128463.02191614837
12172,268001.2063193824
5805,309556.88804243493
7411,206967.55431845778
14806,234878.78068650537
7890,204572.38326174073
10440,345016.4539832772
14926,205122.7180717126
5381,224839.94524734368
3800,252880.85532784497
10511,140996.80276055308
9324,142208.78166850307
3313,324484.8243799779
7351,311912.7777723548
8459,220027.0023019177
9957,345889.553823508
12024,194174.13960386545
4380,338742.5846853034
5042,236625.82587046758
13289,426291.7682534269
13407,262408.26089927845
13258,176743.05061889807
15993,274613.3974141913
12525,150947.06774986116
4062,252750.68392118718
12065,253947.30959364597
8227,195823.8348713428
11333,233679.66620636557
2867,141305.9810170933
3319,165213.52688279207
3523,174758.3184068175
7055,153214.54724111385
14930,206237.0227731876
3444,259265.3252425635
2940,295224.4240328125
6935,174732.3464015422
16116,204697.69061339
13370,187492.32862219808
6103,190336.23525244172
7446,160056.181727543
1859,252433.99813862494
4079,122704.12269476021
3228,313010.0439552794
9665,310415.61423017364
15957,212038.84957161528
11533,140024.87593001168
2314,219662.4626317129
4096,351748.9459146749
13437,169345.7680506776
5980,187889.90599592717
2008,159764.67729491222
6754,144531.2949702476
4129,232804.56525187846
14557,237034.69406592555
7096,189326.62271285494
14297,236451.80653469323
3967,201133.96880456933
16485,349929.2005032004
13075,309672.2985753104
14289,197355.6405512698
10988,340982.0210225695
3230,116465.46584332234
13250,96949.98886680062
2559,163861.0925776232
7739,261731.5380801768
7213,190836.36590900022
6639,253100.12621731358
3164,289011.7250756788
15207,178685.42071413295
5113,234196.96187831915
3929,339748.60479248443
14493,169567.42573998647
11110,215415.3267550448
2033,181286.78807498945
16057,170592.2446412351
16709,360397.15629508556
14313,149250.4559312003
1028,162586.1682986446
7187,155111.91134463472
3738,259338.39555513137
9869,276632.2705775519
12644,185997.14543354698
3686,369911.7086645112
9196,171485.08510653634
12326,155225.13604826003
4936,244669.56121065363
13314,141059.4021599766
9857,247343.60964566865
519,332275.0821262634
8410,143046.00337698747
1720,234095.53465045092
10341,195945.7255668058
14415,165613.22362441552
10613,300736.738888356
8027,176940.95493602165
15539,215526.03156881453
7431,325359.374083646
1370,152887.94179762492
12708,227048.43369155627
2250,168982.05710486125
14758,220005.0450785029
8525,146110.0666322891
1538,258829.32693676604
1142,133717.38082818757
1152,208482.92512364336
9802,185779.62804776168
3331,177895.7042388331
15203,258814.80658004317
4247,227405.1623558284
1976,189219.23823387834
2346,187453.81042080797
10078,289092.7322420635
1938,365220.02838095836
7819,233595.96166481276
2168,210262.1656393367
15634,191160.5916216757
8465,194464.42737917567
9313,183234.81292147154
6539,245368.8204685835
6325,138207.11245302175
13442,138866.2412012022
9967,199845.84811304195
7893,180518.35315939446
2861,170580.7406480204
11031,226091.9820579444
15073,169217.0799326002
13837,208628.83178271912
2524,274839.30646335694
8617,340719.0905878267
13513,205402.9463218861
3081,389043.5416756072
10675,212608.06545184954
1907,204985.28358501493
4872,134876.8022378125
16274,162556.79440745973
11837,309405.8772596326
16577,299373.2158887194
5231,249035.98369589355
11315,228608.23547097808
273,217101.19418173953
8363,192924.18973250373
4255,125515.5821332105
16330,330664.70973426476
11528,216197.15006932558
14799,203641.24578276678
1611,124610.48061720864
9234,218602.6226934092
1633,196854.43631259253
6791,170950.11303086416
11567,242817.06054100872
3070,208086.9623261867
12094,313021.2107324131
14335,217242.41284751496
137,145537.587585542
7182,473607.3789554967
11718,205536.82218727318
5194,205447.45827869914
97,306313.96421931847
5118,196559.87332523032
13920,216065.45093157596
9952,270571.8544242197
15337,150310.79195648723
10243,110107.08454384585
4048,330348.4513887493
171,218131.37686420238
11378,279484.94163595815
14190,169729.22531007166
15265,150186.86113155726
2740,228229.05941335135
5573,123705.17130360386
4481,187093.04373431677
2631,241572.7111251268
4984,206114.6164319766
16466,211381.59975713125
16716,182800.47442176694
15325,348489.9879960094
10115,220223.48443860986
117,187778.32281772332
5476,236111.43752700393
11757,194577.65349423885
12359,278536.7868263838
15546,166762.7246561146
8133,207666.39253051637
9018,233726.35384336393
2075,255375.19798070926
11170,150095.16021742544
15733,334613.067958085
9280,230258.79542194004
10734,176035.8783892119
14071,293070.685019149
7373,213289.52134062612
14736,183501.59067385917
3458,256126.2047644906
6183,240230.99563544162
7825,169387.99925081257
16775,171936.90418307408
5717,287040.56544383254
12397,301199.29440426046
8189,156699.66691385448
4423,143192.7861479597
3994,259513.59921646153
10342,227035.28747548017
10051,351018.8751661547
9453,205029.3695583935
12593,249168.66634959355
1274,206974.3203678006
6933,226925.40989868448
1761,229102.10568634653
7157,443774.3414580333
15169,126887.17432731652
6792,280249.78474213404
13830,398254.73718074826
7240,220161.19891440653
3051,128633.91931775876
6550,118957.80390982592
4603,155610.90486484044
5729,148904.69828822563
13473,125557.01246132032
15104,176729.56071711757
6599,213749.3351049868
2216,252339.12932337087
8721,220936.7725427394
3645,137707.38274002634
8664,171488.730979444
11001,298886.83809874416
753,273169.33376165316
8129,309919.68450770853
15235,155740.60765313468
3359,154700.479194467
10424,268776.54049320053
10226,175226.32239857386
9252,132840.1240945708
3008,145346.02818235435
5849,206367.28422781336
8494,193111.37572334625
6764,205453.75079626084
12445,224594.17970500194
11716,165425.90443406266
4508,134037.58747626492
5669,128857.16139456898
11427,193687.79576802935
11065,184285.28911265306
8910,201028.85389557254
16401,117303.05453944637
11913,344724.77149766264
6221,272760.9080829413
10839,177209.32485110796
2809,323000.0668907452
13311,220347.9747022427
6866,155640.47754967108
6019,119342.08460843115
3024,238363.0701187573
1391,261065.86971745372
15904,252511.98386957392
15858,221172.0224996197
9911,242401.12670304393
16579,145778.21278208884
4394,199999.03867646324
1468,160109.5456219662
12965,263361.5209510394
2249,197998.99543284078
14384,261464.81298751605
13040,308083.6149716701
8872,157127.77603227895
12864,339752.96611781255
15712,207668.64103020215
14049,217927.30761430343
1840,344854.4096133128
12019,145596.52803474694
8948,140612.66859782522
15154,239779.15263844503
6943,418763.10283584637
12564,228968.73239781708
12766,333798.5471561601
7255,144544.91509086738
7962,100542.00792473851
709,363890.8633552968
4634,218708.18863367493
889,134034.42975208693
4774,291308.9269717869
13890,390635.96953215974
15431,155677.39909270185
8726,202263.06156673672
10373,349380.4619182071
6413,262473.72515825205
9761,212354.78902810073
15864,320574.2560615351
6147,193725.6960396925
3384,221973.58795022004
320,306239.7785781431
8006,261850.82425814797
14395,359436.9833904684
14976,264936.13956534024
12185,228879.08913832053
4779,345034.15413851256
8551,180724.91935016174
9025,278208.35936847655
10616,156273.40734602237
7475,111026.47206478217
6341,152762.765386316
14163,196175.1945244106
2211,154378.8959063852
10532,310763.6037912986
14338,297403.7874980167
831,217885.58398706082
3382,180565.13803402724
9209,294933.7823106572
7188,214436.05880895804
7197,195302.38462114666
11270,149536.24355494307
15918,137079.58722361719
6937,269654.6042091822
6178,140584.10342505877
10668,299184.98418206465
1413,264564.26785665017
6884,217607.254943505
8266,202484.34749505838
14019,194418.02390986145
16764,263084.64152398123
15306,193556.5203008646
3740,186184.3533326579
5298,210349.61789602513
8319,233116.52753439883
4229,166899.66725766106
13429,186843.95618907735
1753,182321.04205350945
860,198375.46505928953
14219,109692.12172498956
12113,187686.63764784968
11309,229114.72489644436
9930,339037.1360975577
10570,209986.71241174103
2839,247555.08963637683
6699,292685.69068733254
16647,230042.47386593034
5325,324454.20053753466
13733,269179.3785938509
7818,171432.80767438107
12505,247288.44046716986
9489,215296.27184608747
10106,205971.40216190025
7864,336626.5839323726
5134,168513.15671774466
11859,238758.33141706476
7440,123299.21277186496
1525,150453.11388612707
7339,373815.8921245239
8,179489.9223870833
3248,272763.85035276716
8995,258174.37477954978
15178,142643.880458946
8594,383398.5220353749
15770,228363.12839929643
15859,195570.43014215422
1735,295753.8090552415
11410,315965.2259101814
16397,242692.18695175415
3572,211975.97638957395
5501,332617.2452722839
969,126852.59887664503
6977,223674.91776942794
1233,271953.2039748444
4258,271301.74415638903
90,212577.9719274696
16650,272056.18341368635
197,175416.0906744632
12514,277876.77871725056
4367,186177.48156851414
3199,219644.09121326864
5600,152589.6711137361
11641,250316.45917095616
14609,183137.48902239226
12775,176625.15214001999
14240,140123.37675664364
7933,242191.52156955993
6945,303472.4431402092
14006,233718.1012113177
6320,308633.53548347845
12061,208057.45893465157
16369,294679.3860871609
16354,320878.2612478923
3970,181013.47261296771
1048,153235.29577994492
3639,217321.78866482206
14448,164326.53092824738
2812,321858.4128845243
3932,171583.01402649906
14875,283611.87882702576
8883,182044.3396453439
7622,280796.66192493273
7252,284157.77057693875
9751,156492.6223261949
2378,195298.14944849454
6816,314814.89802757325
15358,250517.4969813592
7843,348595.4222665095
10448,237808.27414714103
7840,201410.0580704945
8880,343278.5021240072
12551,184357.715850737
15470,182561.8267101423
16207,195483.94290716812
12123,209918.90601777285
15247,212922.07128867606
7481,190983.12454172398
16171,167273.59066735278
7461,195848.9912743239
902,334959.63430938055
13094,204795.66475440242
11584,195066.30120021943
4462,215291.38725379633
15576,258190.9609312996
16606,148337.3621799291
5427,169989.80901540304
7725,196216.10091506277
5409,207691.7462152574
12579,140751.3357504661
12013,154374.63695296232
11321,252263.78693793865
9932,184338.76044608222
591,234487.53873936634
10357,213462.9732690506
3336,199759.2002689683
13,168839.41395684332
4809,189986.28800593456
7555,344892.64827612997
15172,192487.421527131
6989,232634.26955640537
4707,347369.00122686906
2046,219811.3817578543
6495,271769.1406676454
3873,206055.26605083793
7061,367032.58697187377
12112,163585.40648633306
8917,198808.36499425484
7735,152254.32898885605
16442,119467.27038971748
4244,361583.8211917378
3747,185845.8422704136
11086,214091.34056064655
10080,247485.88755000907
15057,183231.79361697478
1331,235514.69810972782
8891,270295.4139236994
13411,333059.00917240034
16730,148813.79354234063
2267,193589.94935740216
3022,169270.08889401966
11190,134903.52445494785
11857,237577.01531264535
9318,285120.8400445562
16512,172403.76701360563
2053,173080.6002737715
13707,215033.90113625646
12143,271565.7352308186
14080,167962.66099872463
6130,141446.12465366028
7936,227302.0102222421
10101,177248.02900331636
5663,193413.84049701702
14811,307402.40716607193
1366,336474.5119570246
908,150782.70323972253
2953,221316.08858905337
14629,344028.1636950809
15096,112486.75008858222
2115,251378.1747838821
11770,208755.0272239492
12701,131902.14223298244
14584,266789.8729394857
1893,138750.33198417665
9501,304131.5049219313
2138,210916.1224826667
9346,210601.69577099278
15960,218931.14950166974
8230,321302.8198829185
13843,260066.6625403606
13810,358479.2249776062
15650,210868.52306500624
9974,208781.3822847976
12200,196324.07762828615
538,422428.81000813504
5334,248342.18183757318
14823,132828.05615928065
4817,131937.48185716174
9041,182396.14256747055
4359,215991.42698862456
4852,315595.2125098754
10141,194228.0353569113
1503,344245.9339834234
16256,275355.9297908201
683,225267.63155903405
14382,268067.1835759989
7248,143124.17246459745
1200,243231.40545823786
3563,211728.7808132657
3681,202413.91752360325
3053,168202.2767355885
4099,257150.77769053925
807,171588.46026225574
4658,252656.97307907662
3535,340927.3980573191
12548,228142.46435637295
10488,185735.61656955123
5851,297363.32603150187
13736,174345.7171996808
875,199599.07874930586
14449,150948.4709348284
3958,209753.86825299938
10727,161971.17317180912
11296,161200.0630504801
13646,198737.3360895865
9599,226177.06681031093
7135,407466.96805480286
5943,146404.7019609703
2695,211294.42582036275
6766,194187.9704729931
5630,106618.11504246155
13586,150324.8497490408
3507,104883.7522494435
10014,123912.9032873814
459,141734.8502347333
3582,288382.0053594294
8560,181610.88157626503
3372,312311.9418313779
13109,204078.26848237467
8160,182016.0245152
10706,410520.61279922666
9104,203558.72553920612
2870,235442.49300097488
13712,215875.57799840788
13924,235348.89032486256
798,129576.29293908091
9750,239799.1461218628
16248,215526.33193608787
3170,230437.40785433806
12700,286514.70005401014
10601,317612.725075337
514,181697.21092670137
4010,254186.77087091468
8124,205329.13552112394
10800,238061.17082572822
13628,175718.6500499461
11637,213875.90714147227
781,131479.50888219447
16156,220289.3148393173
12618,174880.62124183675
9766,292261.6552581538
15987,282750.1468442987
11051,268636.59782340005
7673,305842.75841389946
1245,197329.81997728435
2443,260136.49672053847
7413,198680.48636074056
310,210459.18415540666
10921,263446.8255903637
8709,198166.3778096324
12404,188376.6385161247
14986,140574.74108169117
10714,268154.39293547
14286,113100.70281838725
13828,251435.1211546969
8926,203920.8525418918
12233,201900.21154084342
3913,240824.2484249794
5221,188591.92978920927
14965,198065.21138857695
862,196922.83117768506
13907,251312.26670747122
5418,221344.46326627745
2045,206237.04408449092
13321,216584.9313472687
2762,326797.71327332885
13888,137671.5748130944
14962,258867.85675272672
13305,161776.01226989634
8487,256209.8752524847
7146,192229.14415536076
1134,155201.53898640967
15092,183079.54395117256
13760,191914.02475397277
11958,228558.8270274608
3177,276861.68066688045
11350,148514.57891648886
1524,159757.31488686014
5527,286752.79202477715
2872,140029.6883895796
8602,120029.44033059705
3067,91900.16124527744
10435,156369.39763404604
11222,214896.48725874675
8700,107954.94952858123
10961,194382.01182440144
14305,161201.47924375295
8362,192841.6769392296
4979,213226.78205260658
7180,173402.96299207618
5763,222143.2745495084
2192,320991.37497894675
13581,173570.7153833208
10720,224995.95018238347
1358,170802.14782771672
13366,134818.6522900695
13539,326137.46684648143
12849,228902.04022240487
6794,436018.8877720785
525,319758.4124979143
12223,269989.6983520879
16271,210824.1909486638
5818,142170.1025459015
16588,139600.3325799579
8981,153838.57850838057
16476,113176.03068389458
14663,128575.42173087521
3,389462.0421019567
6615,349214.82560370944
12215,202644.6364644114
304,240976.1740873867
13634,230855.77041150793
9208,191826.2351766606
2175,169155.51486720005
250,211675.75034986233
6045,213829.1292119082
10516,259457.01835572976
1852,214439.9970931011
1573,284527.5581936041
15079,223603.20104748209
5500,294613.0651445376
15775,302076.7246115486
3198,191161.62647921563
6718,270528.37439623603
4149,224446.79966818896
9627,204093.70324400323
7595,205458.38390082918
4538,239284.8872441448
3555,215430.77096143743
10483,166355.58765017556
8834,143762.87834858772
16412,258645.228978724
6449,188027.16781229305
2767,277037.1238026613
11498,227849.12342721433
16472,204705.41469662817
178,369512.3973542496
10948,165950.12021212484
13313,159570.1717796601
8065,331539.0435166835
102,217180.03885006276
14428,203541.55016421794
11973,272996.09745908156
6663,177373.08561461716
15989,198403.5282494155
10955,330860.9102462372
11772,256031.43256088824
11364,378541.06432345684
7082,170101.97539030405
7749,169754.47167582135
6428,211489.35432036011
6869,213286.56699714536
295,238263.58914170647
12266,245897.795407151
11129,123062.52193342993
826,230989.2187704423
3262,216030.8118780732
15641,335082.93836337596
1662,155795.81271567597
10926,330199.32130460744
10232,195277.08672437642
6376,165779.29276541754
7817,242105.61265979288
354,376068.5891471682
10076,127050.03350552137
11379,203078.1936475897
10184,193184.66531743383
4696,199362.52187648485
13562,274570.85933264485
5436,336630.70798960107
13196,204597.4102908193
14939,266138.85442840157
14004,131996.71426802018
5916,162266.05735575722
7229,160738.5603566927
9143,208551.6330351896
3440,244780.3976652003
319,296963.0636671751
11683,132498.514759767
12647,172615.6923926887
12788,274446.41642058664
13662,195881.04133982904
423,204149.4538370567
5222,209121.1653887771
9242,219185.57051820168
2641,191957.11546082352
4855,338649.68342707213
5360,155964.5969848754
9799,289533.61270810396
5526,171758.68545097427
10309,378599.8193816552
2144,231640.6562745294
7191,212525.2097099843
6732,156261.4103150493
14789,124051.86448525765
13525,242748.71401688363
4066,297374.9270076719
16422,183882.42520185275
14890,192957.35683364177
2922,197125.5185805445
3601,259147.84797586524
13416,277723.90191860404
14363,184177.8722091643
9496,130180.34084105887
7115,177712.3565295692
8615,245297.27007949015
5218,159887.50883861474
9493,198559.5054186089
10623,135242.88331167406
2272,272468.38446636696
3352,187285.12591405713
84,133282.69746087736
8086,225751.93229793303
2595,270482.76759892807
3531,239053.46384000196
7460,276374.7300450321
9214,245059.40017334698
2790,290104.5714482614
10548,259467.26464989875
9218,278551.8046430163
7435,242949.56452069525
15780,295804.47195671673
7640,249852.38653946598
6223,211051.14825422637
3425,112675.79432926659
10582,246443.63356357033
702,156470.70551209262
2111,252428.73361749807
11730,152037.64930742123
9865,224204.74287662806
16478,202570.07805758907
1885,227169.44051820342
3956,216756.12587635597
16735,167794.25142806693
15264,203245.90934334783
15971,151894.25251496583
5584,91849.44048469968
15242,175535.29853417753
14358,214327.97751324007
11300,245522.72500509676
5446,176090.87861326442
3934,374008.67535667785
6610,211192.7881858952
10164,252860.0127938739
4646,266768.07600303926
13304,313028.2361074829
1985,249728.61868514377
4746,134027.02061491448
7963,230636.96244574455
14083,187457.00364682346
13140,181056.12613488565
15023,231972.56340094632
13093,177469.8932683487
7160,246455.79096786457
7407,198231.0961898988
16056,253993.58743396506
751,257682.0235360309
6179,199867.74969335244
9137,310225.28549100156
10992,324721.37640792946
5744,188066.71974248323
10884,266091.6143345233
12858,186070.01627202966
13005,248637.55478792172
16714,258822.68205270264
1419,159955.60741547775
6064,91789.42798467696
3771,213136.54984159052
5945,133224.77556234965
8453,178365.28343672684
3806,132912.79791910353
16748,231878.14683055563
11380,248784.20623786724
3107,110941.96091743687
12003,301975.14605912415
14567,415763.34862618195
1079,284264.4873793053
11705,197194.3411071762
7814,333430.64405501855
10174,161119.00331075105
5514,227959.90498499246
5265,341124.47145839327
10520,159898.14376164437
13195,308346.61989614484
14601,262573.8382246436
6012,312444.75037594803
13079,230343.22268074856
9009,237663.0559069179
3122,242337.56828810566
5470,256099.37020576454
4840,262399.2750948055
6270,248568.36770872737
9158,378647.4259862108
10120,141162.44110037317
10672,216284.21192153794
4573,143182.07401982596
12118,140417.24072099914
7447,385346.11290546926
2171,157983.58495301782
6126,179500.08846893552
2836,163308.92192562524
1457,291673.1967816929
11165,110269.51544282265
5923,224390.40307218494
1813,265099.52879637445
3492,175931.98811190564
1917,185144.3583048709
965,292682.3523053202
15795,139622.6866896951
821,340343.442493484
4568,422135.9968769407
9078,337917.62405764207
11371,255563.39903240232
5149,172800.6451317076
281,138808.897524898
1918,347199.36294349364
776,280344.6482707757
210,256641.2537110832
10782,159301.93105150905
9653,236490.0446350805
9372,180726.67396452226
5868,185648.35505601251
6176,294746.66780899453
3969,183943.10915008234
7427,188237.02804863465
8544,110280.43717205146
5219,255268.69156611722
16488,148145.1909402397
5855,201271.77308781468
15920,338737.5860690094
4393,268176.115279922
5770,220360.55634658562
2900,224434.9242024445
8622,174969.72627245705
11610,247368.49117053463
10969,324245.80552175234
11029,236118.14220882952
6193,166513.18319692055
14087,273881.50910174206
13623,321156.26201811386
16689,267968.83105584653
1027,176791.01935684407
949,297181.28773082315
672,247455.12085281312
13832,266646.4809612627
2471,94136.984426009
8728,273765.71968751296
7742,198848.08859479567
2698,174380.1193143839
9084,291100.9729301258
6075,197980.60171795054
2874,341043.2477452281
13119,188858.7812323713
5010,224370.47899448744
1284,196641.80558845954
1151,341911.967163521
5110,254993.0245080893
11386,177294.77263410093
8019,153254.09849192837
2859,176986.2023570364
16110,227236.03807352058
16027,399811.2715386846
14902,299539.13306636806
14301,239489.4977893785
2451,251575.78074897698
13596,278986.31746574945
1464,179272.81810125872
7927,221786.6582191565
9638,256513.6441213116
8009,195126.3597800054
11903,136673.7747095498
9243,156577.6593438292
547,192881.08898231498
5511,261458.73098143365
11247,117708.68955137895
15928,245632.68957568216
3434,190720.24901316105
7614,223925.72402854054
1380,369054.92074666894
2770,321349.06168184057
111,255820.84007892967
5994,194374.22794836888
12341,311560.3334462745
2787,242752.04991294863
14410,115495.88847296027
15983,186041.742423687
14876,201470.0416232227
653,245389.84075877455
2174,208601.56968655752
2575,362425.95333008724
7976,298299.1742745065
5812,214076.59584712423
13589,264218.12231007975
9122,199842.70096917264
8159,117985.60210037418
8754,197511.25917230878
9321,276947.7094917201
13535,210298.52866153035
2083,308786.39985374024
2689,152654.41022309696
2248,296487.66162904364
11649,259098.08789176506
11045,197411.68794625736
1276,157987.24068026216
5962,276440.7870230498
13012,356127.1476432098
4642,390541.0560773588
179,206374.1539110444
15347,450549.9334335438
3339,286110.0771221372
8166,325198.494265149
11617,137985.7973116156
52,206675.6383857819
4395,125975.98619930906
2183,213900.9806933953
16045,306098.7852973675
15719,168744.7606940191
9864,364548.4078113368
1903,191717.92804618756
13451,179561.7244182675
3640,192283.58361638366
16551,214200.04038298957
2343,325976.25821445964
10528,323167.59612207324
134,232012.96139845788
13966,225352.22634932876
2366,170167.53321912308
1198,186696.94199268176
12627,205222.58968921652
11623,204455.56416301633
8267,229182.7099050274
56,172758.63168269763
2988,167096.1909242861
8843,208978.10439883755
3043,180674.17915521568
16486,249239.27059728932
1241,246092.65205153404
11180,163657.5275456743
1984,210292.61751288635
7364,267768.4329035665
10769,189047.74910157727
16617,193002.38411571196
9007,271208.5296675501
12953,199018.25606326252
11366,276955.5184255836
16483,321845.0085325141
2326,235255.947224968
14195,195289.65487728454
3484,394427.5838661989
15257,201267.70831505366
11920,163837.07573245798
1359,368018.9864404639
10353,167343.03956931905
15614,290419.2308690774
15101,136364.60170250718
12755,176795.70551890327
6252,304388.97306989704
7485,280912.56841046934
12603,309414.56628403265
5281,177103.49103333167
10708,200121.25556570903
12563,282616.67842563195
4592,202636.57748235873
3390,299715.25043264846
1986,147159.52370741218
5745,152998.8604291579
14108,219207.56362551724
9693,110358.3383311124
669,151587.62419048662
7320,246663.03637436952
10258,207241.8604199831
507,168221.14520203986
10365,98789.77854527009
9363,147181.59020267188
8736,427107.4337484279
15100,233446.6661162714
13420,138369.5185743015
13248,169510.02377468027
1972,172007.06854617817
9258,160677.37533322506
16455,177764.81455783988
6150,191016.4606864421
6283,105565.91695304279
14979,248806.60879133758
13935,260838.20455433684
4985,89338.01404925552
5393,215933.35160450859
1730,217658.34630168817
14129,185566.62031229842
6254,142428.89173657756
4173,348164.81035632466
4910,308512.73372916004
1297,229566.4196025437
3366,388259.2840440285
6044,330258.09942074167
6259,228619.85147825873
3852,204446.90060178225
8723,188512.64969927957
16109,210473.24012994108
3721,321473.06141236436
13453,149440.36548175814
11962,160028.28901339206
12998,274733.87516376236
6886,279089.21896469174
8200,315283.3506597524
51,242201.01469687885
3930,145312.0609697884
6310,251113.59290537646
6112,366935.9175887086
5135,203672.37018971005
7522,220532.17339424853
9825,221433.07261667424
2411,100654.73069740913
14940,210119.65253863676
15970,207250.10633426852
9894,289820.5391703171
2564,156095.76156578137
7095,299657.4327127271
16754,269882.14672569174
16195,223316.23452866363
1770,207342.7795111785
5363,160979.94116016978
11360,117740.42547315848
13034,164897.99002154975
6542,274400.6517240006
15870,121639.76675867109
217,311932.63995202305
6490,327938.82820842764
6692,179868.40970283095
2235,207363.26915325358
16732,187578.04338857072
11499,189928.35212500155
12617,267624.3268427341
9060,178448.40873170475
12017,202840.07593742217
16750,162325.22445114912
12230,251271.28511434328
2158,154156.88870420004
15184,180099.65526587423
2981,284982.12635245104
10281,125420.88428013446
16596,153042.85080591455
6976,196130.3763440571
14680,314312.80657791183
10618,277113.9440161267
271,332977.53257626644
10817,196134.46543741925
1823,321842.63993954693
9549,303871.61511167046
1201,214832.5951831038
2112,117897.75905539253
2951,249749.16002961516
7183,390990.18628637504
11404,348424.9597925643
5473,202432.22341780498
9232,233791.9955005583
3033,212911.5391932128
11002,183066.26720688678
8299,197810.83265249676
15417,282590.7983373678
15612,234893.990872088
6168,368041.7167360352
13751,251999.28672582936
764,275958.30826101557
12833,204652.71753179404
2009,190185.14454216498
1005,240318.6950222426
10740,111732.54133039137
15323,155496.7444879496
9884,192699.94224248145
6185,171436.60813015158
2311,186166.1668209213
7538,183984.91021973983
6256,285406.43832812307
619,212731.00910174736
1968,175147.40762006474
10168,165181.57508862013
10762,126629.70363671018
12392,172212.09139292774
8877,238270.68801851338
2441,185152.07681482338
4974,226177.5926792468
12450,189414.55703340896
15837,351928.70687907666
5260,198125.61289167334
6591,148510.30240936595
11688,170497.20053183188
9940,179058.68115324603
12070,367145.22745626967
12876,225100.95771068608
6858,150724.07326534664
2385,295001.131744727
3596,168387.47047063266
13540,249351.3603975278
2077,343669.6209611044
5654,201173.13965936407
14029,235166.95534348383
16140,250979.0998005852
13303,217019.46635423583
7289,217252.93720824365
15226,144264.79071038356
3330,253359.75258032687
15642,206947.39116350148
16217,175407.48670221324
7330,280550.4779944151
3894,264955.935627647
6719,270431.58793896914
13013,205045.8107736634
15835,341953.2669382645
10873,169632.36924152123
16379,145506.84293486993
10771,203464.06654298515
13943,119193.67828238214
5139,231317.78376193508
5309,191870.8703177533
14227,206636.61686920084
16292,246675.4950446157
14968,312556.09875251586
13277,180494.24790524953
1731,242109.1129479003
7286,170923.25090509944
7455,281938.78118948184
3250,144592.30723921658
1659,286149.5406508526
15806,268753.42047686037
7491,232295.84764313826
1990,282162.18515693967
7769,153333.0807486786
9694,141433.23746982717
11961,127416.21604037815
4669,212688.28572161112
13826,118122.69246046373
1691,180769.98562360829
3986,141061.24978475162
1407,213281.3534629821
5517,130386.23241941386
8432,297453.0635009771
2214,142760.0877440148
10449,192792.98640867154
2941,180951.62730791542
5944,333385.5022220195
1555,193393.37039701774
6105,160089.80822029518
4453,283867.1102127208
5892,218221.5093989225
5000,233425.1375736493
12995,156770.22081480565
8905,205909.40099982324
11440,256536.04428974015
419,231890.13090994884
4712,250112.678601188
2094,186444.0835068294
4567,177844.0852377034
10717,157137.00642189384
1248,246904.68699526787
12405,351124.5160313307
8331,243223.01317184302
3113,275137.5495805243
6926,126460.02426607627
6777,139658.39470399928
4060,326294.6776470528
11547,282909.8830006104
15199,250588.3426274031
9282,175476.61062910355
16123,417584.00439687876
14094,352346.56180578517
8770,274691.96040726
1054,173487.925852078
11363,203175.29106627998
8756,190740.72203039407
4800,210579.6977981506
7620,174204.06924409332
9101,242234.48644175404
13954,291352.6034423099
13600,133741.30628469714
2893,317899.22788350517
763,207304.66926420626
5347,319922.76168355206
12096,164077.41721989005
16333,146044.38418895565
16432,245246.8307838448
3513,225804.98480334517
13494,329293.31790111563
8690,196579.87432992068
7266,169169.3081771047
3472,327913.1519648378
7021,217029.87058777455
12952,305252.05617655825
2774,153563.55455029005
607,200704.5250036007
6897,208702.07349584094
8220,175417.06534223986
8071,169056.82489040645
7091,170054.07210249593
1805,308991.3994626973
3594,295366.45755858114
13103,175615.27047477418
2203,179361.15402495902
12622,309114.8876091497
13270,212659.53187749407
9461,186401.86348223576
7759,260566.39798978728
4256,223930.7050113352
9093,258847.9764771104
6033,151278.42083906254
7734,148111.88845523412
12368,168299.0679766083
11740,256740.46799961047
9907,131993.99331155483
12398,247782.3003914333
6290,212709.08030094014
2882,211974.13947714475
5091,185762.83102042932
7228,121148.03291239071
5953,202003.21974471002
5707,218270.36950314877
10159,297482.7039205702
7813,288313.465624955
6463,176890.65802817838
7264,203073.495561814
5405,290635.016451975
7543,206656.73324020364
13702,180693.13839810155
5538,198271.94814603822
6762,147945.67966131086
9416,93480.74669658509
10415,176389.55975112342
2139,236900.085667831
13151,215238.41641336813
10301,167252.78851729422
13273,201624.41988410824
7609,109645.12643088377
4884,124756.88684325555
3438,176844.0641261596
2215,237819.55546646577
1723,435003.469523313
2340,214744.36786195892
3950,198589.97903355293
7312,206519.62976377137
3602,262659.9534163568
12053,270146.78843838756
16240,224942.98506519565
8301,203740.68293315818
14068,221768.38582389418
6216,203752.71593581594
12910,246390.25175373734
7656,239699.6608406991
7854,204626.45260673907
14636,357179.73700651806
12267,116750.21122763585
11334,270117.96185964777
9326,181030.0721531767
5935,226106.41169490363
16132,199428.41773400304
8318,186355.18929759954
5009,265939.0504430799
3883,428717.71725628537
7565,162951.64678508014
7960,184860.79696174088
16736,184427.42481950612
15284,202323.91368745302
4301,369375.90549802606
4273,159327.71909107512
8436,206646.79333103378
2113,165661.96493317105
8469,242505.5604554827
648,195747.24245124974
7526,162515.20631491486
9656,272905.1533431682
516,359352.55595373886
6849,175841.5114762807
7013,251285.69612414262
13741,363684.40392732446
13281,132482.4031437568
12374,341040.41358362616
11855,197602.10125888884
2759,235759.1726069413
6759,200206.09840133024
1667,188653.60445835517
5138,268156.63365007576
2452,346823.7097867689
13027,212149.09309374657
2493,166266.41052135045
9899,215096.08394564467
8151,191148.7173928356
5349,311276.4575689287
3926,260614.02325802005
6394,257579.2845376589
11720,224176.91189734114
578,266801.8946779721
4001,163628.51783686766
13504,171174.02472084435
14836,164337.0171490942
1741,195972.3646050383
1278,192833.09594766586
11890,146722.20114175742
1803,190314.4748428652
11418,201365.3102447071
13693,273709.55567510833
7321,188539.3635910778
12575,194473.2673859566
6966,235263.10948998923
16613,258363.3223279512
3148,160974.989950319
8920,308546.2662711736
13984,229604.86834475747
802,160624.445584153
13893,133422.1600685994
2495,231222.21655482345
1695,139922.21039157477
14995,140802.07288973592
10890,387595.683369088
5282,293404.7082653935
13487,223019.22067158273
16615,209312.78052980697
4545,194192.96002748236
14032,203066.33092568908
15707,238039.1683300857
13931,136052.53780302202
946,245326.24085636123
11500,304515.14449082664
10220,149365.9969211878
2604,187139.374056769
10761,314836.3233952008
10982,228403.471258463
11729,226917.21413410507
8152,204097.15190810635
5323,163619.65006633772
9448,204569.55628247344
14935,203968.46710002207
385,149851.2265460135
7039,198803.35604805226
9366,199559.49859269167
15823,383566.0118976227
8993,230344.00380349113
1282,279320.03698924184
437,218623.62720776658
11011,198454.13542656112
10104,268418.5684039367
16321,367171.28603598033
11188,208415.6577531612
14291,175994.76667177147
7781,156641.7205376586
1203,178176.32389734656
3731,236770.05054693948
9037,288976.27560566994
12937,156702.98936869926
5196,187000.75814968522
1746,156585.19702240918
6345,214808.35334257287
7950,209957.79718828393
11552,158479.9676320543
11950,168823.368918613
4805,209360.9881822092
9152,208041.2515355139
555,366340.6432734787
6765,276080.68969592487
8515,260245.74070732703
13915,212857.0287964777
16036,243180.1772528676
16625,251285.9553964606
11870,371357.49940815393
3304,173916.81943730667
9636,186502.0866375636
5232,234566.3872508637
8878,158378.5252029744
2756,206987.06083356182
5140,177250.58026659448
375,253498.59429563675
7149,146818.1152790254
16353,309010.6055086026
15742,127913.19357735687
5957,235338.36601530632
12580,189635.54737658805
10409,300853.42180980777
13766,396596.5121346662
7778,186529.40364682535
9028,255243.13360649382
14213,325421.2771513646
12691,201517.9774294434
1658,308181.09977212397
15352,278847.3471854363
10670,181624.79151046713
14260,234111.84027345397
8870,290126.3345270718
12054,222142.84006135567
9386,220759.18444032478
14378,241360.87034055986
2080,138263.76752650854
12729,304450.11404934584
932,225767.6524961436
3149,115859.47723234561
245,248159.2436034067
6334,316677.2335837097
11684,258509.5596154147
5099,349037.3031203669
1828,351910.10206049006
13464,202830.49972712767
4023,242904.62415542873
6563,254502.1195460481
13207,261220.9843289929
14075,302903.4553458161
5722,156671.0412065427
2308,189671.06844264327
8169,231103.40747764462
3341,122705.63977982593
7693,318862.2768886988
2549,177661.74765195
11576,377802.79706909275
8010,228266.87354326993
605,245934.61983612122
1580,135254.8865509471
1588,386066.45149596245
15197,183556.15361772373
190,381199.124239863
12488,441303.2771745662
12254,332738.4385753297
3991,251958.06311678083
5076,267785.67797496694
3214,228673.77377545775
2348,354121.3499309876
13573,202634.84631528996
14296,215531.28059962258
4207,262857.0922069452
6529,206054.62008027395
16043,322197.4742644279
2508,287431.0872891224
12297,205831.0863910627
10012,293649.46211649035
1874,201771.22178560088
8451,253375.76440351573
16108,171387.74743035669
7200,141518.2065396899
859,371827.9634528585
8415,355500.0094500672
1649,273746.8241902762
6269,200327.85228987603
8350,190003.97582436795
10978,225877.4090195906
16751,217822.23094505398
10133,190671.57113723469
11908,160328.47088247928
15627,229404.46598913567
14923,218030.89595118904
3669,224399.83362851036
8316,236127.31598134898
5702,275828.3660889062
3480,298074.42485901306
11965,300302.00876057835
5869,287740.9360827311
11147,277139.76267111895
6505,261159.28532405768
13797,216277.16932480718
14915,208914.8743933062
8221,181439.51934155548
5873,207181.14908562368
13900,341797.7760166024
13804,165882.63325524732
994,137939.92608131713
2118,188656.71587227035
15158,237853.73656529898
9898,267178.3302080175
3509,227494.39121514396
10228,430129.81173754134
12409,233863.89315086452
9260,220633.96707080153
11462,186521.2457575213
3265,450540.604034157
54,256873.35876207857
9316,301442.16180167696
16208,172102.54755310586
16582,256462.42554471618
6338,283954.00451590936
699,215289.3804998303
3396,137883.54198973154
13995,204882.07141292992
8971,210128.4768865502
6068,210145.8447255157
7020,166533.22334947652
14015,119997.97057465243
4172,153046.20739134087
12959,292160.5310589868
5659,290697.34081136284
14766,192919.45819000056
14402,223951.94418029068
6611,191216.42455786053
3213,248057.67623666767
13306,195563.83810669027
5966,181571.42545349261
3685,193063.1719405593
10994,168244.42783874058
13564,179053.61725258984
6507,156701.94395459554
3196,137714.52468806133
1771,285983.8828014975
13367,147783.7021861137
1529,260056.65392259683
11128,193168.99490251666
11948,127699.61344452499
3798,305508.10767585237
11443,158989.31239629927
15581,281686.99385623226
15056,179434.8251400203
5114,208153.30244839645
12195,199082.31065026764
2044,182795.57178503543
13169,157331.1334175716
15180,232562.21927815827
15543,181395.08418138832
3770,150083.86343557585
772,284856.46075569966
990,140955.14846257423
5567,210859.82574995473
10805,102227.74780360865
3951,161680.51751783415
9484,305916.0082264603
3867,252740.5774678653
15605,135645.97774491383
3805,223930.4592568039
7254,317949.6287678083
2179,282179.79851468
12745,159362.41251245438
16545,211577.33823606727
7310,282902.3269794481
8539,133624.5801923368
222,153460.73104464583
14084,175487.66374163242
15453,165624.00304321665
12318,213356.54519906826
7368,171168.04726396862
4027,230418.1400490402
4106,269340.72874347004
506,255099.20057615754
1995,334700.7402417463
7165,87954.45378254558
12615,188707.18739646912
16792,233633.68322003575
221,280045.9229187978
9710,203433.44950606948
4364,135416.8820686654
3379,163582.68953393918
8954,418680.393886584
16630,261958.3700395209
9624,173568.11010357557
6967,220087.19874846627
8070,417545.32572200615
933,174476.10364764906
8155,139227.2010491239
6771,162985.52106070274
16477,181267.8923631219
675,89445.17939728533
7201,237714.19430404564
8254,132799.88668711722
11325,165324.82047063077
14018,229742.234195563
5190,357026.35354723176
5505,181226.81062584213
2886,138030.8420231918
6941,356533.76706228557
2668,261450.2972906445
13831,238919.9041394433
11036,168226.67656658695
13691,358313.95699984964
2007,188300.4695340672
6442,417455.28407902457
10010,143241.3448535641
3259,211746.65024691506
14013,353589.2471643101
2261,299038.00620857487
4110,219220.57829096768
13293,319774.92263105756
14931,187970.4650956124
12293,170928.3135129898
16398,187857.02143238264
7132,210733.31235233584
2780,149921.82670704293
5700,299370.6411688331
8186,430309.16213982704
7031,242024.83718264475
11269,300657.8344951378
632,194561.89403327042
6330,235462.07988514402
10905,151022.4418249149
6313,282514.40287572204
13396,297719.21737630025
13414,219362.31228487898
4270,270320.2923323889
926,170413.78242626076
11452,155609.30332660163
16228,336398.4470894403
1781,100104.34464604856
16492,220398.98249037832
14594,250461.43909595697
4485,238587.60959199222
8306,245112.66064351203
2071,187105.87189533282
9895,380786.96230655035
10544,184453.2171455493
11253,224154.450491453
15213,259768.1419769904
2990,426777.93903637014
4518,174293.41165741923
2766,122760.00161838724
3275,189797.44015144615
14971,255217.56744442426
14863,390996.9423814182
1352,233223.5573619716
3423,159593.88446533523
13021,276394.4281251007
10489,368773.64732377604
12055,179713.0980939804
13089,170597.64572161017
16275,191740.37231391127
4272,323835.903142415
3204,157223.03065962024
863,116346.28797067853
3289,194441.83116703748
9557,143149.87945496937
14381,252386.29249473254
15208,170132.74233047006
8030,151370.12743416254
8080,219468.05792573252
9876,266708.3865516804
5571,282649.00688271073
5439,200383.2580642549
10689,176383.65640387527
9919,294420.77891466464
7348,207364.07201301126
11686,194512.52942898858
16643,286225.63439241075
164,221379.89307289786
15912,224534.6058891607
14237,317869.12966653425
7965,231239.97268814815
9778,193537.24050345016
14321,139440.56429632724
10617,220432.7552968139
12007,231187.5771604149
1415,247822.97166715446
12912,296609.87430262263
12062,205394.84507971187
7762,187028.92482194526
4381,234223.15531951096
7986,353631.77710194106
10647,307775.4280605118
13452,180171.0552142153
230,172817.31632744503
9285,305852.5737187066
4221,542438.4250978358
16384,181507.67275833111
14645,407704.4272551853
778,286904.6327503384
6633,193805.84716471698
15137,220091.57382620184
62,186114.5481453946
10606,173310.7481252809
7791,294336.2228323136
4161,242407.90284063818
5553,199650.60386756866
9433,414543.98120395
7363,134879.6889255994
10162,229890.25105907314
9568,247078.0083510601
9901,116743.91559858795
8047,256386.51390551182
12954,237905.697365753
12479,160618.4068320889
3357,154183.68668351538
15088,212580.80589691887
163,241032.4379404377
988,215373.6746428075
5877,194172.2109891849
1683,247214.59797151806
5206,233941.94156851957
11155,398999.26084197534
15339,197876.3514818584
1590,243783.7589989258
11100,175112.91464305093
11216,182192.67303141812
1624,309280.17391219584
6113,258880.4048002013
2181,256487.2465849925
1023,226586.11428094364
8673,124316.50437992706
1646,184231.70191866416
11608,257698.07886169152
5988,179209.7134949983
14354,359703.25876981195
6369,221970.44446638902
15936,214130.25167322461
13240,165213.23838792043
3481,195879.12317378406
3479,209166.7359658865
1698,166637.33015040075
13154,301627.6932325716
7802,307637.6424463134
9702,203187.0090079399
12895,138965.73280091176
5728,173025.53939342528
10793,137267.17247712676
13529,186597.6919250766
746,403506.25768752093
2610,200382.31505614152
10932,186520.16316045664
15350,108063.49271835166
15692,260012.36021750083
5484,160620.89311056084
15608,243695.46683349193
5253,155612.821823249
1686,116104.91016582795
10624,147303.1474700101
267,227455.91462494165
3295,135762.55346718832
9481,211954.24641231593
732,172811.06012300606
10022,183611.10093818337
6135,136957.587989353
7224,412675.6059270237
14887,214833.8027181035
7382,120132.85906821839
3242,230548.6275888848
3106,229863.83355868736
14678,256351.25758182
6626,333958.4106993037
6576,250934.0886660259
9008,236369.490832416
2931,355640.61246199417
10023,109373.99297945527
14964,358721.99752179044
796,256978.41005449067
5169,298177.33180167794
1814,202288.80770427582
7372,167137.76907194278
13672,261969.46111706994
4124,187080.12663561216
1095,277561.9648713153
15950,194462.71521311207
817,134594.04022368585
15779,111772.59055377339
11506,244993.4560171835
8689,253061.27882480447
10077,175888.32315532316
10514,318754.2946984287
2198,168669.75198122946
8005,280446.74971385614
625,121281.39620840078
9420,195860.73452771088
10350,277695.8306498771
14494,128616.84922273335
11615,230906.37480970076
93,259919.1319914097
950,302839.00058126193
3325,244365.14464280428
14459,328796.12949510885
16531,194392.2897982389
11228,174285.970451108
11761,330785.6702764265
12629,254266.26736103802
10339,282027.3951355122
12203,207919.34407206415
16744,192205.77359307348
2786,228805.1311829926
316,278566.53249944234
11424,206436.6405278106
8021,255744.0168879968
12679,236231.3099257273
1871,145750.51537408767
5767,242462.63842120615
4047,227152.87454625632
16235,354700.9331723696
10604,259489.42022227705
1510,262086.5737961575
854,181319.2965750062
1860,165260.74231881468
1593,180551.57309266255
381,329571.5731497557
10375,109952.57265233429
15149,351441.4368436523
11375,148435.95013184915
3912,305848.226492406
12097,309266.3228289444
16743,346160.7663774508
146,288667.22658567934
5308,146397.4324467309
4125,216615.42227021104
7671,149088.2213291016
12609,296321.1196685239
4353,135743.21702885564
6287,211457.55392547685
2264,347556.1509664239
3457,186118.5063652349
12935,404929.8199627539
8958,198000.2807440433
4532,128701.1611035663
14857,245425.85963101743
11376,120484.13298962469
13713,272121.8871335165
181,166904.51013490168
10858,162003.49630438496
5160,201652.16278024216
6642,248460.39818400785
9312,219389.62904876046
7736,240151.20952955564
4326,183133.13948732062
1802,216875.456191556
16115,217081.41416821803
16787,145191.48314676952
7107,229011.80949117593
6902,254793.41860484728
8950,280531.3233989228
9922,221729.6194581589
11453,124361.75140535698
10033,366257.77185755013
12131,222009.50084905227
11879,269171.675122775
8986,233508.9971878673
82,208594.68899984856
7664,191708.37358362228
11116,208323.74427464843
14096,251086.32806359767
11577,148304.7352211699
1908,168232.85079250037
3658,159516.14872472413
6148,167895.36687003967
1324,190861.41642889613
8792,152889.31012818735
5883,257051.2075492401
15245,152409.0294161135
16382,128655.5651669199
2131,213519.53290878597
7581,172835.7529836911
11488,265581.2647587849
6091,210626.18725945504
7295,130888.79013348819
6427,188998.85096888623
4558,188595.13014441682
14436,284655.2345626261
8373,182489.97553267283
917,277187.92831809213
9837,215456.9294027941
5619,206757.70518396463
4530,249653.75490785146
11486,173085.0730623221
8575,348681.50523700623
3540,287149.2802515167
4509,104198.413389878
4709,269073.99076571444
10148,207329.05374684389
11077,245291.99714793265
609,185283.3197984394
14733,189865.32360545604
10609,351077.52634497674
3616,226668.67706819298
8805,305718.80600171303
13799,210524.9324067675
5886,170156.67232190567
15836,206299.58119241486
11792,217068.92244797538
9404,210578.04177871358
6456,306447.1333524558
2569,226433.95066204172
16727,248228.05137718888
12353,206128.86122025974
9841,270047.10070315434
2725,199758.7283461379
3388,291815.20912567223
9476,252158.71925932495
13550,174440.33392364415
11934,203690.51048145804
3375,121874.36093312915
2932,185926.78005914198
9972,227996.5788522911
876,151470.97679229494
13649,136276.38085411105
13444,164631.4900382501
12748,162479.13931587082
2003,237627.0288004299
2376,240288.60283370875
15961,267816.65420599014
1221,303222.11462586606
7064,145529.15950586234
7799,251182.1158669605
4549,325954.83837310167
11061,117784.01291515335
2132,148902.55659219576
10692,243864.18169071688
14546,153965.8518240673
11088,197105.0417620908
4819,292364.42476428987
13682,238053.1278620524
7127,178858.34431404743
6245,247899.08072116994
10845,184648.95277485042
3285,156206.29496448877
11384,245017.66304459632
10897,219354.0560669665
8533,183814.11955724767
15341,124278.82354519499
3821,151391.3965375343
14130,184461.14314388414
4306,212003.45366903133
113,129089.65012006415
14997,234642.66572805925
1482,216218.6927425044
14780,174092.11997302162
997,155070.44989551278
7991,283240.4233465799
15592,150347.36671184847
11143,159713.17261430778
12472,246907.63043969998
13991,179595.7807067723
13399,299328.1273368577
2588,138615.68998369545
14274,191792.86330812582
11491,143221.61926926504
4755,110194.75959047943
7939,233216.5570981946
1779,141863.21744052897
11924,276349.2189610185
12713,320861.36257927923
12486,265385.51356623636
13149,292943.4484277795
4847,268659.03714605456
7638,220836.56321050203
15228,184002.75260220445
10069,213922.20941412053
2219,231439.56305359048
956,209823.49352508888
13680,244337.7113267146
106,191049.87643327762
13101,106301.84444950917
7540,234995.00736289925
16138,299338.5222049495
4890,198544.45493466523
13752,214375.36675131548
14622,180429.9772937952
7871,347899.1301841624
3957,211129.50644135266
9987,150969.52820769267
8884,489545.0351251415
11715,124240.72693410044
10612,224593.87282907567
12945,116936.79761741008
5034,207584.9704277994
4463,190511.29778195865
3476,263861.651072928
4846,132444.296437993
2372,188426.85781125346
2873,286803.00166512385
512,216619.82915658993
16198,351212.5422506725
9155,182030.1134456849
16464,309390.52230797475
6904,256071.1604319606
3151,211022.24264035467
1816,198439.76619242766
16214,322370.59550592734
6264,285930.0684029879
254,157403.22754863714
5848,348184.16041078896
4357,309283.66431102087
14265,218370.7298013834
12235,229144.6374790694
11342,264516.8253823952
6679,259181.32438169222
5377,240223.22627116716
7636,226181.78227915487
12798,245964.03005891305
16349,189700.8083762789
3028,174194.42682365637
12810,240949.29398751934
15064,375167.07818038703
13801,330190.29733750515
13387,305212.9590526633
371,155866.91866417974
1161,244313.4091060307
14593,113064.8826888345
12144,227439.56933896802
5555,168829.39279692958
13493,331990.5013847847
11130,371922.49099068774
8658,149531.45092077606
6491,137273.45879549423
303,195555.7213050741
1897,218780.35581710772
9583,226964.6820215034
4515,236519.71158523252
1411,269444.7983406852
8534,439170.2493300296
7227,126552.89334820525
13478,226995.94490391325
7546,276360.0415133106
2798,217430.06921820162
10267,124175.16158098687
4519,165430.2975700142
12184,190406.49935838435
1895,369564.2002205084
13019,316735.1542458725
8845,320438.1209912787
1929,181632.15106411278
1966,214432.31118731078
5268,262929.6013151632
11402,129126.3069979375
13503,171951.69028479257
14413,143094.4564018292
15419,140116.56058943924
11573,182685.6720451573
270,175815.76077595132
9733,194157.8063705854
2729,214944.85633595526
10123,212716.82685581164
9331,303955.5132913302
4342,292264.90584627225
4248,173711.18387779372
446,273955.04084870126
6677,382585.58999398
8324,426517.4950427698
9666,194895.47697769792
7303,254496.37697371887
2710,325251.8829555125
3334,147700.6309689135
11464,327887.87380331056
12220,202561.3951601886
14064,160038.06286375585
14350,125858.26027755777
2858,160033.1423228894
13014,186724.32396737527
13732,171033.01265800395
3371,257379.1055022542
5912,221667.7283110944
5881,170190.5573659095
6199,256229.63080258237
7344,190561.31484579283
6180,328380.3614463438
3343,128027.88335023698
12103,238722.15989946737
5177,336266.7872094244
7000,324504.3321974318
3990,129436.97025090049
11689,226424.65138168458
5624,270188.494269475
7497,165028.37532365683
618,280272.2503809562
6909,141635.69869879843
3346,175868.3384528951
12521,283369.1958802014
11871,226267.52572693117
10610,140501.45647856948
14869,227310.12402957323
2268,294871.0473138123
12058,302492.81882257713
12426,211588.7219075188
10662,395870.9589855204
12512,173606.6815425561
14852,171861.64638642344
10876,181608.07550572662
7720,202947.0653504441
4334,232580.48391675635
12275,190073.32285823475
12228,177628.88628268166
3715,253629.12336711516
9534,167676.81540234026
2333,218581.90236064408
15628,187792.0576179959
5043,139199.29877439648
16704,303144.6355999607
2891,151046.70647716522
14478,245418.015265945
4429,157952.94456588326
5929,283519.33639893145
1845,208091.33132616163
3001,224630.78735678626
6741,128916.0545672864
2202,145432.00296439516
15490,138442.02841784712
3752,165482.84030910837
4620,256767.632851457
12795,329018.93238178885
2662,246232.43061888462
12845,287960.8065677255
5604,182547.92625690618
4861,204852.22021294595
8100,169123.50017050258
15990,177622.79573560727
6561,356755.72305712337
14107,216053.31480057637
6274,274232.11149015
4428,190171.58862082305
3184,227749.4869164682
9247,315898.2138063477
15016,223479.21815885714
6009,196486.43639357632
3190,173147.82138559915
3386,143903.80664338375
11984,186146.261790835
16215,291952.5508108139
5506,195595.80123134516
10016,124212.84710504673
15394,265754.88566649414
15724,162577.66836128634
9409,168678.1047896656
12634,292946.900861082
14316,187073.36821552314
8675,220217.19874072296
15231,153160.2777696303
3236,192887.71883181663
10087,280185.61332341423
5018,154532.65783334494
2728,177793.6290624595
8092,177087.57650456153
10698,206310.82404570747
5859,194780.16519069462
4198,309798.82415037544
861,205476.38132290146
7990,235778.90102637955
4009,165256.57934795239
10964,243000.90156209806
2114,87144.49616901553
1139,194264.31492957904
13921,215576.05110065424
15030,190456.63182338327
2122,91809.27633452794
1602,299382.4011337453
15032,151685.79262266302
5694,137655.3401674336
14026,222609.1900091272
1132,257910.22746180778
15469,209162.42572178913
10223,168650.12218456384
3303,305932.3038961047
12655,166260.6912462309
16151,185415.3673298295
14649,144985.2180512835
9533,269223.1763509179
2229,385906.6697331156
7652,128535.9127481482
14523,390003.82435111585
12991,350215.59469735576
4539,190744.77914324636
395,238674.88181024755
4853,181265.37574597634
12082,132358.54535511864
1406,200170.6062920802
7788,184918.0651268263
2143,238341.8186861584
11089,139706.32899412484
16693,250889.73195843014
14701,172007.6315455067
13689,184476.62636382843
4262,121017.27858090971
1046,192820.23033864866
12001,179210.0582244728
10729,187608.39870341256
11822,197326.32789266028
9132,241961.55521322996
14150,180578.7390554538
15217,287803.0258038733
4752,225468.37667244073
5875,234980.96847820305
7873,264416.15334611945
16046,189935.3628073663
321,200196.1407701315
15077,332642.360517823
9148,177619.78760629566
10272,280900.50660300977
9490,262598.9938357697
5856,211819.42812736175
2436,183281.31151513255
526,209966.92836905736
9067,158113.08278414677
1166,204752.42943856708
13029,251325.8728105364
8264,201599.0633366329
13499,245020.15251913643
14681,307187.86076287227
10625,278059.6652999371
13668,118684.91240751318
4126,170747.46216084092
1527,171193.2215793596
12829,176996.62322720076
6074,278124.74143112346
16629,161556.76941818302
3231,236642.04661279102
6218,184394.58569144085
15050,198406.20099210704
16053,206244.11918027326
16745,212312.35746850778
11336,230473.51878130494
1318,122830.53116679395
7424,231876.6203215326
8102,126859.62774561654
5468,106904.82928987878
9942,140994.4161272258
1001,241718.14330861426
6010,124704.81268607319
7766,196716.31993134588
10266,266312.9438320594
3139,193686.4076321093
4759,255688.6849942092
6760,124718.9876897349
5682,243594.2824787557
1648,221506.23036302853
10363,210942.93072088493
7551,198852.69771755027
12901,331147.73698816285
7938,297978.79085341014
15709,226105.5203213364
9663,127276.52624738507
14868,245126.6584403623
7617,179842.3303618839
5755,174537.4212634575
11519,159986.07916270907
6954,172735.0291978679
7463,212689.5454983035
138,159889.44789457862
1499,261677.36189717578
14579,107526.7005494744
30,252490.01376162865
6991,262682.3895527406
16283,276347.92672566103
15305,122604.63613265322
12736,192974.65433875442
1506,273090.4417021378
4302,172687.6308736105
8170,156112.89002915804
14230,269614.3235850119
14438,227652.530276087
15974,216958.32732393732
3263,157417.4952243957
11227,306926.20503051847
9355,260823.91351507488
326,144221.10459027166
13155,182992.6836178669
13238,301673.1252072037
2785,139723.25467178464
7047,346338.4578604207
4222,171077.90484855458
14734,359614.0362431784
4224,274796.82089603296
11259,225533.48276897718
6174,199832.26196835423
14057,162047.5830916108
5181,126191.36818487494
5926,347502.04219388065
193,153794.59809358662
12528,233941.6738870392
5128,185897.2908282522
13462,338282.22290158237
5845,221113.28733409697
6872,347689.1323863879
8821,220735.02869315387
5106,203202.64423919353
8164,319303.98443632654
5679,256929.851461887
2985,170153.18552015978
2106,140062.99524607573
12494,155372.9849537615
15150,255731.07884531154
187,203856.28436780296
15095,232387.19372181373
15289,219822.10171050974
497,332619.0071528505
10048,183962.49595634523
15012,274578.91930889257
11229,128470.58878959896
15927,390281.5027852437
12092,194560.7326455568
11174,235891.07454825134
13967,172169.20466883492
6693,229623.98214789026
92,230743.1287632694
13961,221321.84745667956
16220,196301.11767717276
13333,209832.23400004156
7730,196687.72075004596
15250,211637.8706750949
16392,102057.75133002916
14544,266812.0465225978
7261,147953.21762693784
16105,173768.87909733807
2984,357520.87132226245
3162,199510.79984038387
2260,272610.2275157635
7004,218791.8617274923
452,314759.2905451751
7828,290983.7050793704
626,372065.1488606961
4583,212868.70377276145
3725,346000.3722259542
5894,178782.41012865136
3316,181239.5600687415
6887,389839.6232378194
2492,159004.16225985036
9133,239349.4118871173
15655,349660.6791652865
12639,171293.06430544466
3848,107136.8890361953
11820,279049.65979117993
15254,151672.40418256551
10750,166957.69481204246
1156,367296.7897996872
2910,282856.2779402179
8591,217969.39986498706
14247,108755.908696517
1425,181636.14544935373
16660,123242.6900910036
1837,268070.35478610755
6461,223476.85386252083
2580,156623.82492325228
1052,205289.6778829281
577,248488.70476490608
2825,193322.3915056119
2746,143186.19144757
2291,162340.98378181655
10962,226302.9270153095
8547,283951.3697665696
10019,147793.3060961307
756,274424.00571803947
1709,392327.7302258698
9076,182790.5303208498
3211,124939.3757140871
2535,190197.2764438035
10943,195338.21602367394
4830,198478.52812328842
9928,302773.22757167567
16143,283312.2037032121
16784,202239.30101884028
16434,138397.89939506864
436,157091.35505146807
1226,214111.3633519584
1259,331163.7361413359
15299,136532.10326000064
4343,208779.0604027339
14661,108348.34460768895
1988,341385.55442164396
10173,380729.40561132063
11746,291972.88098180166
8412,258306.97224366385
9281,146439.1344138087
6246,137666.81512287998
5440,277588.42998981127
15301,273087.68221225764
1223,155298.02372514002
2714,208829.07901475858
3077,319089.9158742578
5549,369368.36986278545
16626,265814.5871515551
382,165150.1098034645
5635,226278.6629246188
186,172653.1579151022
4839,214136.2495106437
433,198271.8049333038
7210,170594.3504081486
15243,177143.97768564674
9993,192558.0310255618
7529,157638.8843058927
14506,286397.77179396234
5807,196955.8570955713
2373,197482.78051277803
13618,176899.0075747717
9908,219876.80098411994
5404,380983.8487095138
11023,265736.85362376005
9678,291148.09857158153
6160,297968.70552830235
4181,421868.1174984772
4230,422435.9661708126
13858,112985.59325141937
15871,206896.54495341936
7564,162952.22952437302
14463,139381.82135403476
15115,126709.32010309253
7533,190689.40297632274
9862,177274.48573745298
5708,196955.17757699365
272,223094.19319619145
4612,205916.20564437925
13336,153988.4582478422
13944,333582.38262590254
3517,190113.01199791062
422,169649.52374916297
12769,199437.6759274078
16079,229831.99591237912
4398,126152.03899112815
8250,197566.22113222844
8900,250481.41835365328
10819,309547.5490408245
10551,156333.64183055598
3418,170722.41860051075
3889,168899.9209147077
1186,161778.22133777628
15227,304232.96618016716
13432,163170.3719927565
10654,160360.0344216121
7306,130470.14173803665
16325,216389.07051345316
7510,364228.0473232352
7237,218483.30118518253
11812,136292.8754185916
7823,233534.1761784088
10691,156234.84180326137
12699,110329.09952568205
914,269484.04180716316
12160,228298.38722243835
4600,169237.03576674056
5649,182172.2149096256
4896,295445.5584450405
800,179441.60954714468
10111,229093.2249957869
3690,295843.396443872
10150,215349.3240638309
8099,224776.3507344587
9526,131833.75135253707
7301,336320.3263625166
655,197362.45648006443
6187,276921.75929034874
839,292305.96035527845
10505,158399.52853941498
3830,307250.3194927457
11301,182365.8548472667
11895,117858.00624411431
3102,216309.62871496862
12351,250204.47858459828
15378,228206.95933620853
9593,111922.61164130847
5302,184611.42126820766
7585,189354.09664461855
6785,158508.38789793517
3611,115964.35268068715
15888,134801.2900737335
13152,143275.20997938717
6208,114725.15601847612
13734,301784.9635823369
9212,262756.7242455564
6098,235052.12073865556
12314,276488.0228414701
8848,173843.00173049024
8951,369165.9676157102
13572,239160.15574122453
15907,191471.28652164893
12325,146344.5677878707
14000,139134.52296352905
9515,286375.28591176576
4514,270666.72014114505
11968,171804.46774314978
12452,219403.86630506173
2163,392168.1230696079
14538,123101.43598356866
11324,171847.98911383934
10441,172864.73992248432
1952,210597.75231336005
11680,369388.094712958
16190,162932.81946725067
7649,323499.1685141403
5839,343711.9016625206
4659,280763.58963844145
2273,372145.2346407075
1829,234676.19270493684
3776,296082.64347504464
6607,196077.22550165083
10395,212043.86602487043
10667,278635.2901430263
10950,167724.67701363994
6339,332760.1578989357
12038,246768.82859969104
16128,231991.53448953968
9406,198283.78918970394
13386,185804.4722038089
13063,192292.76955389977
7319,120845.59457180795
11475,336176.04588876246
4109,143710.97159882303
466,177780.09844537807
7169,526807.1032009248
450,269277.6830133896
509,296973.79442502116
14114,255264.3372659986
10865,213820.4871033748
3497,216777.98638281698
9089,321226.2856998964
13675,132386.13001203048
6672,293381.47957173514
5464,217570.8221010652
16267,195863.11274069076
6372,193382.4503428653
4499,255392.78127331508
16547,159617.8133582573
11454,256481.0345672674
16645,246682.99641397316
9569,246566.4396081767
3279,347397.8852596317
12042,199838.66273202514
2547,273756.54410710884
16013,265450.94356397865
12929,179429.81926024752
12343,223209.93623070687
10359,299815.2098866473
12543,135381.36241441412
14928,155208.8787360979
11319,277857.1827227379
14724,253431.14204670477
2850,169142.61650307296
10775,235999.4825595821
8462,144759.08656304242
4724,239708.20922213828
6723,212240.0998459455
14180,127419.13117072306
5593,367437.7639577562
9151,210266.17414787167
8697,230620.92495267908
10758,222286.91076342284
4276,125857.84640624473
13655,263847.40471380414
13674,284974.71397999115
10057,203926.6303380137
10732,292523.2992401507
160,245990.74764987954
7451,292321.6530951245
3512,250824.83297852997
3925,242601.2477137118
14897,177902.66692967206
15963,194900.11144626403
13805,205320.85708871367
6894,164514.04402272403
14327,159259.07569563919
11838,208169.96434120974
12255,160043.79814182682
6587,157526.52612123662
6923,149042.7930934431
8885,260691.69656677207
10486,141547.4001779207
4722,145733.38072509324
14740,201855.91356744053
4754,218251.98765161267
8674,116237.79944055533
13252,221648.61824945052
1905,315007.84103113087
8585,312476.94025411166
11503,178864.15672658314
8979,217174.31155270716
3879,211457.83085206483
5165,98787.43455548765
4200,277103.7633264264
15206,145508.48362233292
927,180587.22763646673
13132,393884.65523079014
8640,180963.57972272066
14157,181643.5252706681
2991,202483.00458421465
15401,129215.45650968299
16356,209586.64685960504
10857,210281.18572095712
5651,206332.48490878084
14405,320692.4595709214
9176,146811.33451470174
16326,265723.99185453693
10397,221277.41810221638
14371,216382.28589997411
10577,188292.9559227712
10605,208156.04195949854
8441,182538.76064354478
9546,185196.67578629323
15433,156532.68953518412
14106,197823.1856437769
13791,327321.99175545643
123,136796.70891798334
6786,166859.12105720508
4618,150598.57901156245
6750,282314.3428428166
2188,267592.9075953512
4729,245428.43794631073
11082,267491.1897663536
947,392019.67084798345
1066,227592.1135902112
13916,388457.86300171085
13134,474563.2039107877
15755,145047.19517394842
14683,176863.96648013045
5590,199881.41624519235
11704,169370.1995280728
11544,427407.54227361886
9457,216607.95561874192
336,292060.5361928389
8667,206108.59177211887
9989,234200.36504683574
3786,159101.99001985893
1467,202412.91150127177
15239,282669.6260976766
6380,219466.48108273168
15200,231685.10720580257
10378,185105.233818695
9867,285022.63492086006
12443,177709.86949878093
15298,350432.395688561
9136,284019.75839950936
6713,218043.03283564968
15472,127893.44957325101
4064,254729.02541348676
13576,187588.0009841181
10634,164345.56867481105
13257,338501.3959865011
14535,201336.09223685157
13262,203878.23710749764
13852,192395.9912419645
3238,213231.02337543224
2029,78597.65659422951
1542,206901.09951772547
5796,130838.18354897283
6273,380011.7643641697
8207,164192.56568502483
13913,214361.82747898082
14113,168920.72582831
11094,202959.0560192432
3598,199532.7453143404
11881,243802.88885851856
4186,158122.77925186063
105,121520.72769100353
12712,197031.78965984157
10699,255855.8382672686
1522,349224.13451952743
6406,266752.7318087482
2600,170728.06908905652
12800,171541.3666039675
14794,258131.31816297479
832,167994.37597612938
11005,118215.39876768569
1329,154507.0954296026
9621,162476.31795651233
3543,234841.48653558537
1234,222652.26407556626
14715,288509.06015021645
13218,124345.9219787799
12522,164605.74132133165
15168,165786.20868313237
3344,234731.21060972917
7989,216097.88338402443
13592,231134.57443747227
2349,192816.07016877382
87,320056.9496235609
3648,267480.93255358946
15383,224374.5114551462
4245,159368.29659591673
3037,249111.83774062502
4963,182823.49238581816
12513,305306.7635353516
11906,160544.78204185033
6321,234368.15764627268
15889,194967.0273561005
16390,128630.23292256461
11080,199052.48687708843
4201,130091.37839214224
3696,277940.1995682665
15188,171222.74585355225
1475,169335.9402182459
15248,204738.69308213826
5836,189345.79218176182
621,246718.24049991195
15618,308452.0768720207
11070,194788.87292394345
5126,205398.46250067017
3191,190536.46503245563
4786,268833.54139889334
6620,130917.71000928868
9169,272035.31396321964
15908,156094.08613343752
5512,191152.74516532233
16496,192989.2658416797
4052,279521.51301067893
1158,205536.83568788285
5860,254921.71346051944
907,177735.6285560219
10880,243097.1253418579
2406,117446.23959929054
16135,166610.487748835
16655,224051.09854684945
15009,298612.40457228373
9075,282480.59060084145
15211,293717.6768977768
11972,245807.99255534087
7343,186462.45903775125
10693,176440.0584806078
16611,145075.33169526223
11189,276812.416142127
14873,330351.9511906941
2863,151544.59179577557
1616,205252.1758660624
6932,183951.15284228988
10136,194761.25130913872
430,303439.9975160621
2978,241014.48042398214
9667,173761.58341735858
1215,173514.1605563442
8651,120744.15345728904
11529,102813.17324241408
14115,160841.80069292343
13842,248437.67031407834
12668,224112.5222300733
11298,212130.17339546757
14801,130760.18578916206
12346,294490.7537371429
7741,283669.6143125448
9160,136338.91041288112
4285,133640.68097093684
1738,236959.8063651427
16527,237635.57113905798
11797,177124.5678303304
11537,185251.7067850869
11661,391218.96391392464
16296,208366.23361142672
9835,152842.1543789081
11551,405769.5595666347
7868,347772.20625179575
6828,251812.7578296304
4870,133453.22566266416
14037,201636.2996674946
10255,241383.73655493266
13980,271837.7410748935
12720,211169.8509647805
4391,161312.24298478098
15559,188300.12550138234
11971,316611.2033074857
1294,122078.00623277237
4639,201471.2872262465
10815,240356.85896779166
12270,348193.86262660474
9322,85069.64018171356
14633,291235.5226981599
3733,188080.32874276378
9311,266715.69695966947
14855,271935.5082863801
13819,348925.3347286597
912,214534.59912226954
13565,253282.33777031326
5546,143328.49452300183
14337,212101.73212413822
5902,395726.814592337
3939,210290.8402186376
12958,159218.27414035954
6810,138232.06175675127
6464,249912.42370573478
15753,139931.5008666212
8295,168754.64010501403
4190,375530.21963405283
13160,117528.8962718923
11609,164774.8150000148
6477,267791.7774465097
7833,261343.21442289022
8088,310397.22481706715
7090,201616.8002678657
4818,338958.7463051119
3010,246311.57055145106
2954,305872.1189580314
16552,147700.68325445388
563,134036.48421878682
13208,130615.65898125141
12886,139756.59933077596
9235,124353.58866607642
2397,341681.97326919355
3059,95839.38755954837
8245,214095.66455661383
11636,309600.456932532
694,202444.0343352171
7222,291582.66360501165
13986,250606.59701961477
6083,270109.0219881332
9782,243891.52922570624
13060,269630.5895832579
6144,196939.63908252638
15637,174243.69791240705
987,298055.9632636795
10696,166749.6223015522
5319,250602.6400857492
16119,262678.4182626405
8198,290651.3346388298
14721,306889.28405443404
4704,148579.9723608913
8806,199397.1463397944
14764,170394.09368555708
14233,195397.12880539766
14252,149829.49626052956
9139,161444.50355729752
9297,286388.1192337326
8288,249765.21927219338
4879,316265.9895486474
6384,325008.01949258
7438,173800.48114977236
116,311774.1201220399
364,211314.68007663894
2690,203398.75963245018
2193,219544.81431973237
1228,204415.43436781171
7607,233448.19184799748
6378,315283.30726925004
16520,207103.94161051605
7737,237185.48054930405
15652,252672.22979311738
15578,272887.8523175245
10823,237334.53006086743
11027,183773.5948344097
7076,187307.31536796724
6451,250438.13313451456
15589,191217.470532046
9532,148329.6413173951
4148,323585.0053492759
1222,132413.82258867985
8066,263203.2635614262
2227,289505.3769461119
8814,218909.04826474353
7121,159687.88730755978
8265,234581.63064812066
2848,272022.4936604153
7971,186725.4141353155
15812,129079.26878556667
2238,125963.78343268565
11569,146509.60685992189
13631,283288.7809499868
13209,143869.3511875866
5448,257584.67407110543
5974,166500.82913633634
10379,180432.559996597
13829,161889.899697954
7552,343487.6761331804
11205,184437.57013511908
12787,309418.2756999028
12773,173167.89117845288
1501,129936.45097432716
3650,212176.43461943843
14850,113305.59266801632
8174,263732.14734870207
5565,158271.2704765249
11832,251267.12613885954
15866,347572.63445816503
8742,165159.91880137747
5271,154350.10366198153
11697,152956.40843809408
13516,223185.1565050662
6408,259130.10853012383
15545,236853.08057404577
11148,126967.40865988896
1585,140172.28769961064
4609,263141.86612789717
3174,170863.2886381825
13784,147338.29388736852
7889,144192.93454487453
9385,250836.9945857306
4058,194829.69824087725
6783,131358.75141606544
14676,346437.83853950223
3284,156565.16230687714
4988,182901.13314474665
13369,239922.67179516214
10107,256384.41059082956
11456,268159.9310959368
5837,130776.01101442304
2637,293647.7911714789
10785,233957.7435958098
109,320275.26212656964
5968,151324.45332600572
976,346160.857731786
882,342052.5638871001
624,173473.2288355283
11904,160024.5805248306
15314,318767.6596112022
6579,263646.4469885081
9199,173202.94738948287
12611,116930.0346994506
2898,423450.7163359914
8461,223579.3567285766
15020,309119.0157873172
5652,339748.3162617354
14262,341622.96445749246
10156,185053.76809819532
4461,179475.01062546705
16666,194085.6784559756
15818,200483.13397300767
4940,201774.73402247438
9403,242788.68438650062
13638,352575.5668943807
6918,191286.43276211544
16307,298869.2311788545
4133,298331.0993484382
12316,146988.97137960425
1655,335829.53857369465
9398,341116.05262862775
4271,352494.16469649936
7584,238523.40888203704
16502,276065.0844036414
7732,136480.66001507116
14812,259008.60884277278
5083,303734.0362469279
4385,285690.4258390231
4024,232659.92529277725
5925,104838.08238657296
5603,111419.56860429526
9172,116435.86871651851
9485,151486.83856826997
337,177989.46330458316
9767,207836.00251546717
8228,136934.33816625585
14346,305617.33841410396
8946,135628.82098431658
11285,368478.04091405857
10588,209954.52419717406
16737,175069.38777969533
2262,144310.34324439248
12102,256516.5548321188
9851,184224.46059901803
941,157890.31524546025
10571,232534.8688508874
11487,310156.1389649218
12137,132961.1485660622
10549,181018.9380097944
11359,167292.12937261636
7724,249118.86159244133
6877,212651.99396175845
12946,141030.80128346005
10555,235250.6711110617
2733,199189.9966336997
734,205701.59039762866
4572,191032.15368205204
9888,169169.32154057303
5547,176390.30356915935
9473,210772.8957334411
10427,228893.92777522805
12081,128811.15742365504
10888,194696.06914119824
4834,180719.9398444469
7141,157243.98285173904
3282,186410.93312881555
10028,167336.83898253914
13941,209530.9942578224
3897,277344.96826841286
3838,292663.49986581143
15315,123050.48226527468
4623,227462.0256315397
1119,276352.1429467326
6031,222859.82564092195
8516,354685.60408514645
9415,194319.00205437484
10798,164453.4627069524
13666,295068.6665527449
11068,199138.12212173303
1489,237258.64488250064
9467,130850.77248186618
1946,205268.53685895284
6511,218121.4003370559
306,309202.20637679135
2837,209148.14382366755
9949,235300.32838294364
12571,312257.0390981621
9991,117717.20400967746
10974,245341.65370357048
5102,153881.01504658483
15565,236136.3762597508
8320,187944.17915567936
4205,168177.4321385927
14341,257603.1736273819
12738,235813.86041290476
7959,301059.9967593696
15526,195239.69215174153
9391,135532.29319572396
13904,199226.3488126503
5423,333594.4135857003
7852,228035.7700441219
16525,150943.97006096895
3823,317385.07310815156
1858,317533.436200824
8638,226259.8789181732
5777,306160.7708483102
10277,161010.4516111288
8002,303020.9665813154
11877,152204.39759736863
3964,272164.5887683459
16783,266316.6848172379
9896,348943.21642961504
1733,324764.1962414435
12470,205747.11851152574
12569,208146.016619673
744,248058.240842422
13608,205635.23339739093
3980,182109.1587421834
13468,160420.29101552896
15482,210673.69512284093
4135,288799.3207787259
8982,193051.06649120146
1928,213310.2061302254
12408,224060.52493252192
2316,153624.49179074913
3340,389340.70878758933
7512,136834.72603469115
10170,205744.86825059704
2558,279832.93066238356
16236,204942.9220067553
9115,186892.04401725123
11183,272213.4484036922
6603,239401.90904932632
8548,160221.4795189873
13883,207290.99572831928
10766,127829.02486597252
9575,157115.84119938983
12048,156966.44099082088
928,186149.1418633972
3068,194554.40784709097
7603,202157.40636747738
12725,169090.87062150787
14089,163493.98251179402
13055,335240.3013993122
16602,169247.67766252666
2797,186001.59707020584
7467,154747.10872399446
651,270209.66714035114
16374,284812.07725999865
16544,154948.50655449927
3098,158022.96564230823
3015,210794.65779066895
13224,323452.5964189252
11299,254353.9042834805
14583,297362.76628552284
4033,278876.1466300072
12076,414301.7069640709
15017,143874.44389187096
13881,232782.5209508019
13000,147014.72837468807
676,220701.1985805469
6331,123986.54922750837
7681,167663.38541750336
1435,138916.9686678073
2966,229615.06996905303
5825,179363.7012938764
5422,357893.3413746833
1663,484152.06151908415
15561,213587.5550011827
10062,273921.94203949685
6476,135485.01326669875
1957,175193.6746604361
10795,282686.18391664233
16197,168119.79191146523
14421,364992.7101207897
12994,252639.15907569183
3493,192597.4317582948
11545,333686.4726133937
6726,153317.9157954479
9513,187367.72076189762
12556,430795.8569795722
9553,207066.43343193695
3734,191200.22086224385
3109,231411.41682242393
16319,176740.5266309433
5959,190296.7024002918
6683,183423.98902956344
9438,121843.55543730943
15857,263452.06880561344
2421,207608.9971899549
11540,213309.80250679294
264,189175.24650848744
16561,188994.11518564296
12288,188859.2885357163
9570,145868.68378686032
5936,158852.94823845132
11390,344350.24935491604
6551,318280.26667052356
3946,254938.1147059605
7746,228410.27696487622
2838,381386.9561577061
2472,168975.97684865654
3520,151371.75206999673
1341,171145.21897612576
3910,125629.95750336273
5208,247948.27426914545
12599,130252.70179820457
2475,174174.9750590906
10966,306669.5589069511
5910,210505.03679666086
11910,237275.54467193538
16221,204174.79395585525
10591,263922.31261308084
3744,282647.42058884085
6618,284481.8904408566
8676,197542.70207981573
11193,205174.99582719774
12659,261682.14465400763
14101,171676.67658682988
14483,223453.92812141503
8107,186172.81751153187
10681,255078.57918124797
10126,253866.81456989248
4527,312477.3743936084
16537,122313.3150610482
15403,258236.01165398594
11124,368029.75629450276
7468,191693.67655123846
3172,208724.89572749723
15847,208432.60360033083
8211,193457.22359874303
9459,216487.27870269289
5903,390442.43362591614
7232,242759.0697344395
3180,265201.1282837832
7147,233529.4336075479
10105,277235.14551374456
7338,211552.23660060985
2446,158475.99635642377
6466,335997.0567176101
5782,298479.92284663534
6526,156966.12278874568
14982,163338.10665191838
14639,235773.55538817216
16052,252285.55324030318
12587,181833.86864035728
13192,237235.22362659767
9342,119232.36526114476
6052,160569.79838086205
7987,263746.0311617096
12165,121615.10473511415
15151,230374.756429789
16728,248941.10298522818
12735,173960.54188881506
939,199159.9597142347
10983,289878.32872397196
1385,236120.5002926865
1892,211716.13324749464
8352,164335.35795645678
79,378515.23012732645
7171,197655.88685307238
6194,205032.77606192644
6973,242946.7112140021
13786,183564.67580512044
2578,133733.54564522114
11344,194435.0048159879
14536,194056.54772209935
13518,146545.50170389982
15855,253106.75300760742
4387,196089.1008567809
1596,236641.17599645932
4699,214660.04500760307
4559,266200.933121204
6613,264216.27067824756
7489,210237.96165269072
2127,372196.2009180009
16668,142892.23861618823
5919,269060.2245336812
7696,206456.16123690252
12287,192242.96432813111
1053,175461.8072434265
7924,295087.29317389603
16365,159399.82024641178
13988,128155.8083511971
7415,188475.02683424007
6661,199534.71083286701
14496,364260.41173893167
15112,174651.26687266602
16444,255867.83328059362
8992,236405.66166106355
11054,183698.93315796577
3570,282404.9889325256
11016,226355.28727784439
10455,205962.1760682239
10478,253998.3888472051
7751,258434.87903211755
7913,206040.38482408662
4883,220078.19977285364
12728,150173.5453017198
11482,168867.13584370195
12561,258490.0793765107
2207,228937.59923669673
11946,228623.96642084944
10552,329111.7129863781
14673,121317.96268474043
6914,239463.55106052686
15988,170177.26639553794
3878,220692.36058796215
13937,144003.48415689042
11208,244009.60602497403
3466,257726.5506959852
2799,249129.89693178888
13802,226002.63246759266
15790,198513.59737679356
845,174307.6505668523
13261,96715.26090682967
9986,225622.8281531711
4771,118959.41794131842
11763,288506.90165907994
13249,165338.78891387745
15982,153659.0911764563
5295,246025.88968497748
2828,198024.65564804536
12717,202818.03647967166
14541,147051.96225185867
12898,145877.28649434441
15190,255024.81705256517
13553,204353.85684311017
11589,249675.61818701867
13168,248778.39920507476
14224,304013.2059612301
11844,342647.8221378499
14578,139979.75614803046
6770,232843.83929240704
1003,181547.51811187342
6716,291706.68439189636
6204,227349.51437376393
10213,243683.84895495872
2961,252611.255199039
14134,284103.84243285714
9134,120769.6373970572
9906,147310.66148514108
12114,289099.2297636968
12706,310220.84951363516
192,274244.71005848923
11022,293362.1570334777
14712,195193.7685184462
2659,165771.3250665475
7602,124065.1579165131
3009,295448.9952445708
4533,241704.06015004846
5620,257160.64281281654
12312,182696.5034898967
10896,261244.06718909973
7532,255575.47798284492
5696,284048.8454072811
10743,201574.54085802304
16708,192666.33502938354
5430,185829.57789919619
4362,254996.5424364279
15599,303264.9841380033
8197,211732.79736196564
8502,200426.87411104445
554,145013.95937732572
16301,279065.7060439965
6206,311798.6012598189
10523,218806.86141558038
7221,217937.8558008289
5906,264290.1543009386
6724,153970.19610098453
9167,150926.0574449125
10380,145059.47407915385
6209,294310.8945026932
14298,163394.5893638407
6854,296080.69534113165
15218,321528.349814408
5081,258469.22694361163
14572,148779.61446071963
7743,287098.09866522835
11071,159265.38346255902
10673,165474.5861200891
16276,293679.5724875339
2840,214633.90198661102
14414,233605.06678916817
15739,354983.0157431223
4743,138034.02126287814
3156,271125.7514242544
14879,256674.4275747136
758,259823.13499854307
14304,264129.4124533187
1210,355373.19597288105
1137,177918.29260020162
6026,430475.5393522639
841,115672.88365375163
3993,144714.61967602943
16554,228572.7334129163
27,288595.6871922361
13015,253466.4788398306
9428,213975.74839756545
6885,340136.06712704676
2410,149163.5916720339
743,137373.25622856402
9361,136123.0756418357
14016,112031.58543279767
5040,364826.2615035372
14255,69557.1667962466
291,119111.12270258763
3937,188676.8292279478
13374,186214.40634479764
14948,446686.723232746
37,255295.03741188813
8226,170872.1138694047
9547,263079.05378451827
1000,203389.40341850062
12406,284711.8237340549
8314,288774.66607013345
960,187590.5422939717
31,200271.23134568677
5905,143331.86034731258
15833,192204.77137153305
8146,214616.92612913164
16718,199804.3769191432
2231,232604.14930647658
11286,194884.19715063885
8275,252826.66566180135
16706,328117.6836029673
6594,231642.52339276986
15521,284612.16786189296
1131,236856.5290052368
9595,246991.2484957911
8354,127655.83005351655
15777,243666.0600101602
2330,209265.1475214527
13382,140008.35436903546
16721,299269.774343804
11393,173592.4224242323
7009,231326.4770381184
1474,206144.34232473915
5816,190503.50831593707
16032,149470.34787532256
3422,226147.36245517846
7231,253610.6157147258
1565,198788.20066655084
10574,186922.43480062392
1107,325718.188440265
1458,203766.16303205676
12716,227253.26223082154
14039,167850.4945867607
7099,106749.80997487
4498,144105.2639757773
16394,279054.27096331783
8760,250031.85694533412
5016,384183.6968213696
1097,341940.26239554153
5433,377469.03887411417
7847,182798.0798674925
2903,392696.7004686686
15929,194207.0118643624
9066,318734.80036239
16152,135021.36302737956
12383,481834.5406272677
7591,249759.00382874708
15435,200239.59545036918
1556,176035.04369873228
10644,175462.7686628778
5333,137986.40527397662
4266,262856.5695540175
7946,215375.3995069267
15594,284038.1332825603
12127,217971.8977152715
7697,289739.4892492547
10020,146376.05158759333
8999,178693.61597664806
15708,164594.00662247528
510,219585.49975884188
7239,140044.35540106602
414,187683.6291692641
9095,236348.5281474389
6136,274242.8043840254
12482,248883.69290756155
1254,220038.61377764097
12989,210954.45474607416
2923,145080.85700095393
13845,249401.0353225777
11169,271831.84187275753
3031,220854.4869108913
12704,158714.0677500316
3430,169115.6660101306
4483,281431.48898713954
1438,455689.0590559136
7790,298120.13140503236
10260,276101.8218363229
8340,179900.66172656365
11099,153342.34254950262
4392,180695.7953123186
1551,161509.5452305883
6566,198753.79445930367
12689,120736.14760722121
16117,141269.30676108017
2800,254993.0358314542
7779,144212.2396748509
4546,146655.95646628854
16734,163314.64068885794
2506,342323.49645418
12457,256967.0045822193
14626,199481.4521877627
9816,182001.6294296824
5055,195321.80412317818
13894,251847.07322588714
2676,133272.68728656467
13860,228843.8343723832
3029,201061.8776810898
5048,100520.54109510768
12857,316648.5352346775
15813,164398.65295938484
9973,266784.563374473
6664,223221.49812964437
2764,197752.06683742983
10746,105324.11013690609
1068,200673.2538551463
6797,224147.7966509022
384,190018.38164944365
16012,247718.52224692004
10891,177108.84193414758
1110,251394.1305920577
10284,125974.89082268422
15508,181648.16504132707
6000,311091.5224641756
15275,125744.46643851814
5312,236775.71831986576
391,190044.18114791327
10154,154579.49460761074
7256,190374.54124730924
7947,132864.2152996121
4097,204450.0570259855
1526,183103.26583724626
16261,169220.63920279907
8470,194351.98634840286
3270,352910.98020460363
11212,287591.1945416763
1261,147888.05747837306
13456,175054.44430907135
3862,262199.63728087593
13241,182846.64983462618
8526,165396.38005161966
5013,230595.1789050853
10205,358508.17976442596
1346,125210.78802277509
12977,339922.9657060993
10073,243223.9360514679
9623,372931.41969501064
10590,175134.71139499714
2773,214289.23122761183
4444,326833.60209778463
442,255511.5411185493
8376,270923.66874212306
13461,178678.37250749336
13229,156532.12664004258
8718,198865.3004038796
12847,142068.9898079455
12117,357187.13214634534
14510,189591.0698000483
9254,189824.32544866146
16290,164529.31007260247
3936,205938.93058745912
12526,281506.44869105576
7302,175330.08261739876
3268,154740.14188830892
13230,229399.2637063649
12695,350788.2074304692
14761,138509.34982050786
15771,252530.62913377082
12598,358334.4018840019
15357,286231.3807598533
9874,206423.53364617197
